USE [Mushu];
GO

set identity_insert [UserType] on
insert into [UserType] ([ID], [Name]) VALUES (1, 'Admin'), (2, 'User');
set identity_insert [UserType] off

set identity_insert [Category] on
insert into [Category] ([Id], [Name]) 
values (1, 'Restaurants'), (2, 'Gasoline'), (3, 'Entertainment'), (4, 'Charity'), (5, 'Merchandise'),
   (6, 'Fees'), (7, 'Travel'), (8, 'Home Improvement'), (9, 'Automotive'), (10, 'Groceries'), 
   (11,'Health and Beauty'), (12, 'Water Bill'), (13, 'Internet'), (14, 'Electric Bill'), 
   (15, 'Gas Bill'), (16, 'Investments'), (17, 'Payments'), (18, 'Shipping')   
set identity_insert [Category] off

set identity_insert [UserProfile] on
insert into UserProfile (Id, Email, CreateDateTime, UserTypeId, FirebaseUserId) values (1, 'admin@admin.com', '2020-04-23', 1, '9uDAqHUJvDZzVKccDpassb3yKdo2');
insert into UserProfile (Id, Email, CreateDateTime, UserTypeId, FirebaseUserId) values (2, 'test@test.com', '2020-04-23', 2, 'cKsmIkhu52X4HmdSgpQnBROmejw1');
set identity_insert [UserProfile] off

set identity_insert [AccountType] on
insert into [AccountType] ([ID], [Label]) 
VALUES (1, 'Checking'), (2, 'Savings'), (3, 'Credit'), (4, 'Loan'), (5, 'Mortgage'), (6, 'Investment');
set identity_insert [AccountType] off

set identity_insert [Account] on
insert into [Account] ([ID], [AccountName], [AccountTypeId], [UserProfileId]) 
VALUES (1, 'BB&T', 1, 1), (2, 'BB&T', 2, 1), (3, 'Visa', 3, 1), (4, 'Robinhood', 6, 1)
set identity_insert [Account] off

et identity_insert [Transaction] on
INSERT INTO [Transaction] ([Id], [TransactionDateTime], [Title], [Amount], [CategoryId], [AccountId]) VALUES
    (1,'2017-10-02 00:00:00',N'THE COLD SPOT GLEN JEA GLEN JEAN WV',-31,1,1),
    (2,'2017-10-04 00:00:00',N'INTERNET PAYMENT THANK YOU',1860.03,17,1),
    (3,'2017-10-05 00:00:00',N'COMAC 5 FAYETTEVILLE WV',-26.61,2,1),
    (4,'2017-10-07 00:00:00',N'SECRET SANDWICH SOCIET FAYETTEVILLE WV',-81.83,1,1),
    (5,'2017-10-08 00:00:00',N'SHEETZ 00004440 FAYETTEVILLE WV',-15.99,2,1),
    (6,'2017-10-10 00:00:00',N'SHEETZ 00004440 FAYETTEVILLE WV',-17.6,2,1),
    (7,'2017-10-11 00:00:00',N'SHEETZ 00004440 FAYETTEVILLE WV',-58.94,2,1),
    (8,'2017-10-13 00:00:00',N'Spotify USA New York NY',-1.99,3,1),
    (9,'2017-10-14 00:00:00',N'EXPRESS CAR WASH MORGANTOWN WV',-13.42,9,1),
    (10,'2017-10-16 00:00:00',N'SPORT CLIPS - WV151 - MORGANTOWN WV',-53,11,1),
    (11,'2017-10-17 00:00:00',N'SECRET SANDWICH SOCIET FAYETTEVILLE WV',-18.27,1,1),
    (12,'2017-10-19 00:00:00',N'TA-KHRAI THAI CAFE MORGANTOWN WV',-24.62,1,1),
    (13,'2017-10-20 00:00:00',N'BFS FOODS #15 MORGANTOWN WV',-58.5,2,1),
    (14,'2017-10-22 00:00:00',N'PATHFINDER MORGANTOWN WV',-94.94,5,1),
    (15,'2017-10-23 00:00:00',N'BFS FOODS #33 MORGANTOWN WV',-44.45,2,1),
    (16,'2017-10-25 00:00:00',N'Terra Cafe Star City WV',-41.54,1,1),
    (17,'2017-10-26 00:00:00',N'CATHEDRAL CAFE FAYETTEVILLE WV',-22.2,1,1),
    (18,'2017-10-28 00:00:00',N'WAL-MART #1360 FAYETTEVILLE WV',-16.07,10,1),
    (19,'2017-10-29 00:00:00',N'THE BURRITO BAR AT BRE LANSING WV',-35.07,1,1),
    (20,'2017-10-31 00:00:00',N'SQU*SQ *BRIDGE BREW WO Fayetteville WV',-12.88,1,1),
    (21,'2017-11-01 00:00:00',N'MCDONALD''S F6954 SUMMERSVILLE WV',-10.62,1,1),
    (22,'2017-11-03 00:00:00',N'ALPINE LAKE RESORT TERRA ALTA WV',-31,1,1),
    (23,'2017-11-04 00:00:00',N'ALPINE LAKE RESORT TERRA ALTA WV',-17,1,1),
    (24,'2017-11-06 00:00:00',N'KROGER #714 MORGANTO WV',-13.41,10,1),
    (25,'2017-11-07 00:00:00',N'OPTICAL 101 MORGANTOWN WV',-151,11,1),
    (26,'2017-11-09 00:00:00',N'Morgantown Parking Aut MORGANTOWN WV',-14.75,9,1),
    (27,'2017-11-10 00:00:00',N'CHICK-FIL-A #01884 MORGANTOWN WV',-22.66,1,1),
    (28,'2017-11-12 00:00:00',N'CIRCLE K 04016 KINGSWOOD WV',-63.31,2,1),
    (29,'2017-11-14 00:00:00',N'INTERNET PAYMENT THANK YOU',460.09,17,1),
    (30,'2017-11-15 00:00:00',N'ALDI 69005 STAR CITY WV',-48.32,10,1),
    (31,'2017-11-17 00:00:00',N'LOWES #01671* MORGANTOWN WV',-47.51,8,1),
    (32,'2017-11-18 00:00:00',N'OPTICAL 101 MORGANTOWN WV',-72,11,1),
    (33,'2017-11-20 00:00:00',N'Morgantown Parking Aut MORGANTOWN WV',-4.67,9,1),
    (34,'2017-11-21 00:00:00',N'PAYNOW *FIRST ENERGY C 8007941630 PA',-119.58,14,1),
    (35,'2017-11-23 00:00:00',N'BLACK BEAR EVANSDALE MORGANTOWN WV',-3.75,1,1),
    (36,'2017-11-24 00:00:00',N'NORTHWEST RIVER SUPPLI 2088830811 ID',-864.42,5,1),
    (37,'2017-11-26 00:00:00',N'KROGER #714 MORGANTO WV',-64.3,10,1),
    (38,'2017-11-27 00:00:00',N'ADVANCE AUTO PARTS 726 MORGANTOWN WV',-44.23,9,1),
    (39,'2017-11-29 00:00:00',N'KROGER FUEL #3714 MORGANTOWN WV',-39.99,2,1),
    (40,'2017-11-30 00:00:00',N'IRON HORSE TAVERN MORGANTOWN WV',-98.89,1,1),
    (41,'2017-12-02 00:00:00',N'KROGER #714 MORGANTO WV',-32.76,10,1),
    (42,'2017-12-03 00:00:00',N'KROGER #714 MORGANTO WV',-41.56,10,1),
    (43,'2017-12-05 00:00:00',N'NORTHWEST RIVER SUPPLI 2088830811 ID',-552.16,5,1),
    (44,'2017-12-06 00:00:00',N'NATURAL RESILIENCE MORGANTOWN WV',-107,4,1),
    (45,'2017-12-08 00:00:00',N'GET OUTDOORS GREENSBORO NC',-18.87,5,1),
    (46,'2017-12-09 00:00:00',N'JIMMY JOHNS - 1496 MORGANTOWN WV',-32.26,1,1),
    (47,'2017-12-11 00:00:00',N'OUTDOOR PROLINK 720-475-1309 CO',-633.62,5,1),
    (48,'2017-12-12 00:00:00',N'TACO BELL 04030 MORGANTOWN WV',-15.26,1,1),
    (49,'2017-12-14 00:00:00',N'Spotify USA New York NY',-37.99,3,1),
    (50,'2017-12-15 00:00:00',N'USPS PO 5555740338 MORGANTOWN WV',-10.9,18,1),
    (51,'2017-12-17 00:00:00',N'THE SPORTS PAGE MORGANTOWN WV',-10.42,1,1),
    (52,'2017-12-18 00:00:00',N'SQ *SQ *MORGANTOWN BRE Morgantown WV',-60,1,1),
    (53,'2017-12-20 00:00:00',N'MOUNTAINEER TAP HOUSE MORGANTOWN WV',-29.39,1,1),
    (54,'2017-12-21 00:00:00',N'MCDONALD''S F2369 MORGANTOWN WV',-10.29,1,1),
    (55,'2017-12-23 00:00:00',N'AUTOZONE 6736 MORGANTOWN WV',-56.38,9,1),
    (56,'2017-12-25 00:00:00',N'ALDI 69005 STAR CITY WV',-41.09,10,1),
    (57,'2017-12-26 00:00:00',N'THE SPORTS PAGE MORGANTOWN WV',-25.92,1,1),
    (58,'2017-12-28 00:00:00',N'SQU*SQ *APOTHECARY ALE Morgantown WV',-38,1,1),
    (59,'2017-12-29 00:00:00',N'BARTINI MORGANTOWN WV',-13.26,1,1),
    (60,'2017-12-31 00:00:00',N'LOWES #00567* MORGANTOWN WV',-178.79,8,1),
    (61,'2018-01-01 00:00:00',N'WAL-MART #3215 MORGANTOWN WV',-253.88,10,1),
    (62,'2018-01-03 00:00:00',N'ADVANTAGE HEALTH MORGANTOWN WV',-22,11,1),
    (63,'2018-01-04 00:00:00',N'LOWES #01671* MORGANTOWN WV',58.46,8,1),
    (64,'2018-01-06 00:00:00',N'WM SUPERCENTER #3215 MORGANTOWN WV',43.41,10,1),
    (65,'2018-01-07 00:00:00',N'LOWES #01671* MORGANTOWN WV',27.04,8,1),
    (66,'2018-01-09 00:00:00',N'LOWES #01671* MORGANTOWN WV',-35.2,8,1),
    (67,'2018-01-10 00:00:00',N'SHEETZ 0575 00005751 MORGANTOWN WV',-64.41,2,1),
    (68,'2018-01-12 00:00:00',N'TA-KHRAI THAI CAFE MORGANTOWN WV',-10.08,1,1),
    (69,'2018-01-13 00:00:00',N'BP#9283714COLFAX BPQPS COLFAX IA',-37.05,2,1),
    (70,'2018-01-15 00:00:00',N'JIMMY JOHNS - 85 UTICA IL',-32.05,1,1),
    (71,'2018-01-16 00:00:00',N'CONOCO - FORT KEARNEY GIBBON NE',-16.15,2,1),
    (72,'2018-01-18 00:00:00',N'LOVE S TRAVEL 00006254 SIDNEY NE',-43.85,2,1),
    (73,'2018-01-19 00:00:00',N'SAFEWAY #2667 CHEYENNE WY',-105.78,2,1),
    (74,'2018-01-21 00:00:00',N'TST* ACCOMPLICE BEER C CHEYENNE WY',-11.6,1,1),
    (75,'2018-01-22 00:00:00',N'PILOT 00007641 ROCK SPRINGS WY',-42.65,2,1),
    (76,'2018-01-24 00:00:00',N'SHELL OIL 57444278907 LARAMIE WY',-67.07,2,1),
    (77,'2018-01-25 00:00:00',N'PAYNOW *FIRST ENERGY C 8007941630 TX',-13.79,14,1),
    (78,'2018-01-27 00:00:00',N'PHILLIPS 66 - 7 ELEVEN NEPHI UT',-48.15,2,1),
    (79,'2018-01-28 00:00:00',N'WM SUPERCENTER #1438 CEDAR CITY UT',-76.66,10,1),
    (80,'2018-01-30 00:00:00',N'ZION NP-SOUTH ENTRANCE SPRINGDALE UT',-67,7,1),
    (81,'2018-01-31 00:00:00',N'INTERNET PAYMENT THANK YOU',2684.09,17,1),
    (82,'2018-02-02 00:00:00',N'SHELL OIL 57444795603 SPRINGDALE UT',-42.96,2,1),
    (83,'2018-02-04 00:00:00',N'SHELL OIL 57444795504 KANAB UT',-20.73,2,1),
    (84,'2018-02-05 00:00:00',N'REI #155 FLAGSTAFF FLAGSTAFF AZ',-89.1,5,1),
    (85,'2018-02-07 00:00:00',N'WAL-MART #1175 FLAGSTAFF AZ',-68.88,10,1),
    (86,'2018-02-08 00:00:00',N'SAFEWAY #2028 FLAGSTAFF AZ',-25.97,2,1),
    (87,'2018-02-10 00:00:00',N'SAFEWAY #270 FLAGSTAFF AZ',-11.8,2,1),
    (88,'2018-02-11 00:00:00',N'Spotify USA New York NY',-37.99,3,1),
    (89,'2018-02-13 00:00:00',N'Spend and Get Statement Credit',21.83,17,1),
    (90,'2018-02-14 00:00:00',N'ALLSUPS 250 GALLUP NM',-31.89,2,1),
    (91,'2018-02-16 00:00:00',N'EXXONMOBIL 48267496 MOAB UT',-63.39,2,1),
    (92,'2018-02-17 00:00:00',N'4TH S ACE HARDWARE SLC UT',-21,8,1),
    (93,'2018-02-19 00:00:00',N'INTEREST CHARGE ON PURCHASES',-44.2,6,1),
    (94,'2018-02-20 00:00:00',N'THE GEAR ROOM COTTONWOOD HE UT',-178.16,5,1),
    (95,'2018-02-22 00:00:00',N'FIRSTENERGY/EZPAYRECUR 888-544-4877 OH',-4.93,14,1),
    (96,'2018-02-23 00:00:00',N'WALGREENS #9111 SALT LAKE CIT UT',-30.55,11,1),
    (97,'2018-02-25 00:00:00',N'SPORT CLIPS - UT115 - SALT LAKE CIT UT',-48,11,1),
    (98,'2018-02-26 00:00:00',N'SQ *SQ *RACLETTE MACHI S SALT LAKE UT',-2,1,1),
    (99,'2018-02-28 00:00:00',N'LITTLE CAESARS 040 SALT LAKE CIT UT',-9.93,1,1),
    (100,'2018-03-01 00:00:00',N'MAVERIK CNTRY STRE 3 SALT LAKE CIT UT',-66.81,7,1),
    (101,'2018-03-03 00:00:00',N'LATE FEE - PAYMENT DUE ON 12/22',-15,6,1),
    (102,'2018-03-04 00:00:00',N'CANYON FEVER AT MOONBE SALT LAKE CIT UT',-5.35,1,1),
    (103,'2018-03-06 00:00:00',N'SMITHS MRKTPL #4475 SALT LAKE CTY UT',-76.11,10,1),
    (104,'2018-03-07 00:00:00',N'SOLITUDE GENERAL STORE SOLITUDE UT',-20.58,1,1),
    (105,'2018-03-09 00:00:00',N'MOMENTUM MILLCREEK SALT LAKE CIT UT',-24.87,3,1),
    (106,'2018-03-10 00:00:00',N'BEER BAR SLC UT',-43.59,1,1),
    (107,'2018-03-12 00:00:00',N'STATE LIQUOR STORE 04 SALT LAKE CIT UT',-44.78,10,1),
    (108,'2018-03-13 00:00:00',N'NEXT GEN DV PARK CITY UT',-5.38,1,1),
    (109,'2018-03-15 00:00:00',N'Spotify USA New York NY',-37.99,3,1),
    (110,'2018-03-17 00:00:00',N'THE FRONT CLIMBING GYM SALT LAKE CIT UT',-13.94,3,1),
    (111,'2018-03-18 00:00:00',N'THE FRONT CLIMBING GYM SALT LAKE CIT UT',-9.89,3,1),
    (112,'2018-03-20 00:00:00',N'BOMBAY HOUSE SLC SALT LAKE CIT UT',-43.88,1,1),
    (113,'2018-03-21 00:00:00',N'AUTOZONE #0886 SPANISH FORK UT',-155.37,9,1),
    (114,'2018-03-23 00:00:00',N'CHEVRON 0201054 WELLINGTON UT',-39.42,2,1),
    (115,'2018-03-24 00:00:00',N'MCDONALD''S F867 SALT LAKE CIT UT',-32.03,1,1),
    (116,'2018-03-26 00:00:00',N'FLORES & ASSOCIATES LL 704-3358211 NC',-12.61,11,1),
    (117,'2018-03-27 00:00:00',N'FLORES & ASSOCIATES LL 704-3358211 NC',-29.03,11,1),
    (118,'2018-03-29 00:00:00',N'SAFEWAY #2625 GRAND JUNCTIO CO',-61.23,2,1),
    (119,'2018-03-30 00:00:00',N'SQ *SQ *RMU SKIS LLC Breckenridge CO',-7,1,1),
    (120,'2018-04-01 00:00:00',N'EXXONMOBIL 48234728 GRAND JUNCTIO CO',-4.49,2,1),
    (121,'2018-04-02 00:00:00',N'EXXONMOBIL 48234728 GRAND JUNCTIO CO',-67.91,2,1),
    (122,'2018-04-04 00:00:00',N'INTERNET PAYMENT THANK YOU',2579.09,17,1),
    (123,'2018-04-05 00:00:00',N'CLINT`S BAKERY & COFFE BRECKENRIDGE CO',-11.16,1,1),
    (124,'2018-04-07 00:00:00',N'MELANZANA LEADVILLE CO',-97.45,5,1),
    (125,'2018-04-08 00:00:00',N'THE TRAILHEAD BUENA VISTA CO',-23.92,5,1),
    (126,'2018-04-10 00:00:00',N'CIRCLE K # 40633 FRISCO CO',-38.67,2,1),
    (127,'2018-04-11 00:00:00',N'CITY-MARKET #0430 BRECKENRIDGE CO',-59.59,10,1),
    (128,'2018-04-13 00:00:00',N'SQ *SQ *RMU SKIS LLC Breckenridge CO',-24,1,1),
    (129,'2018-04-14 00:00:00',N'TOWN OF BRECKENRIDGE P BRECKENRIDGE CO',-9.42,9,1),
    (130,'2018-04-16 00:00:00',N'TOWN OF BRECKENRIDGE P BRECKENRIDGE CO',-32,9,1),
    (131,'2018-04-17 00:00:00',N'SKIBUMRESTAURANT_1 BRECKENRIDGE CO',-24.05,1,1),
    (132,'2018-04-19 00:00:00',N'THE LIQUOR SHED BRECKENRIDGE CO',-27.36,1,1),
    (133,'2018-04-20 00:00:00',N'SQ *SQ *RMU SKIS LLC Breckenridge CO',-34,1,1),
    (134,'2018-04-22 00:00:00',N'EXXONMOBIL 48261861 FAIRPLAY CO',-36.89,2,1),
    (135,'2018-04-23 00:00:00',N'TOWN OF BRECKENRIDGE P BRECKENRIDGE CO',-8.92,9,1),
    (136,'2018-04-25 00:00:00',N'CLINT`S BAKERY & COFFE BRECKENRIDGE CO',-43.69,1,1),
    (137,'2018-04-27 00:00:00',N'CLINT`S BAKERY & COFFE BRECKENRIDGE CO',-19.42,1,1),
    (138,'2018-04-28 00:00:00',N'SQU*SQ *OUTER RANGE, I Frisco CO',-20.67,1,1),
    (139,'2018-04-30 00:00:00',N'OLLIE S FRISCO FRISCO CO',-45.09,1,1),
    (140,'2018-05-01 00:00:00',N'SOUTH GONDOLA BRECKENRIDGE CO',-19,9,1),
    (141,'2018-05-03 00:00:00',N'SEVENS RESTAURANT BRECKENRIDGE CO',-15.42,1,1),
    (142,'2018-05-04 00:00:00',N'MOTHERLOADED TAVERN BRECKENRIDGE CO',-31,1,1),
    (143,'2018-05-06 00:00:00',N'TST* BRECKENRIDGE TAP BRECKENRIDGE CO',-6.42,1,1),
    (144,'2018-05-07 00:00:00',N'SQ *SQ *RMU SKIS LLC Breckenridge CO',-17.42,1,1),
    (145,'2018-05-09 00:00:00',N'CITY-MARKET #0430 BRECKENRIDGE CO',-45.07,10,1),
    (146,'2018-05-10 00:00:00',N'GOLD PAN SALOON & CARB BRECKENRIDGE CO',-1,1,1),
    (147,'2018-05-12 00:00:00',N'TST* BRECKENRIDGE TAP BRECKENRIDGE CO',-23.44,1,1),
    (148,'2018-05-13 00:00:00',N'SQUARE *SQ *THE CROWN Breckenridge CO',-45.54,1,1),
    (149,'2018-05-15 00:00:00',N'SQU*SQ *BROKEN COMPASS Breckenridge CO',-31.71,1,1),
    (150,'2018-05-16 00:00:00',N'CIRCLE K # 40633 FRISCO CO',-32.72,2,1),
    (151,'2018-05-18 00:00:00',N'LUNCH ROCK WINTER PARK CO',-36.69,1,1),
    (152,'2018-05-19 00:00:00',N'CONOCO - SEI 17284 FRISCO CO',-32.82,2,1),
    (153,'2018-05-21 00:00:00',N'THE BLUE FISH BRECKENRIDGE TX',-91.8,1,1),
    (154,'2018-05-22 00:00:00',N'ARAPAHOE BASIN F & B DILLON CO',-30,1,1),
    (155,'2018-05-24 00:00:00',N'CITY-MARKET #0430 BRECKENRIDGE CO',-31.57,10,1),
    (156,'2018-05-25 00:00:00',N'WAL-MART #0986 FRISCO CO',-6.64,10,1),
    (157,'2018-05-27 00:00:00',N'KFC C750084 FRISCO CO',-33.07,1,1),
    (158,'2018-05-28 00:00:00',N'MENCHIES FROZEN YOGURT DENVER CO',-19.71,1,1),
    (159,'2018-05-30 00:00:00',N'SQU*SQ *SEOUL TACO COL Columbia MO',-22.75,1,1),
    (160,'2018-05-31 00:00:00',N'44 CANTEEN COLUMBIA MO',-56.22,1,1),
    (161,'2018-06-02 00:00:00',N'Morgantown Parking Aut MORGANTOWN WV',-14.75,9,1),
    (162,'2018-06-03 00:00:00',N'Morgantown Parking Aut MORGANTOWN WV',-4.42,9,1);
set identity_insert [Transaction] off
